name,node_id,osm_node_id,osm_highway,zone_id,ctrl_type,node_type,activity_type,is_boundary,x_coord,y_coord,intersection_id,poi_id,notes
,0,41493826,,,,,,,-111.786037,33.3584223,,,
,1,,,,,,,,-111.7832,33.3601748,,,boundary node created by osm2gmns
,2,5203828156,,,,,,,-111.7982926,33.3496796,,,
,3,41500426,,,,,,,-111.798293,33.3494589,,,
,4,41500429,,,,,,,-111.7983051,33.3466812,,,
,5,7142064698,,,,,,,-111.7983058,33.3466365,,,
,6,41500433,,,,,,,-111.7983145,33.3459614,,,
,7,41500436,,,,,,,-111.7983471,33.3452707,,,
,8,,,,,,,,-111.7986958,33.3444,,,boundary node created by osm2gmns
,9,41503501,,,,,,,-111.7983355,33.3533825,,,
,10,41503504,,,,,,,-111.8008852,33.3533388,,,
,11,41503510,,,,,,,-111.8070263,33.3532826,,,
,12,41503515,,,,,,,-111.8046435,33.3532814,,,
,13,41503520,,,,,,,-111.8009037,33.3530664,,,
,14,41503522,,,,,,,-111.8046283,33.3530394,,,
,15,41504101,,,,,,,-111.7854137,33.3556877,,,
,16,3688113777,,,,,,,-111.7842962,33.3555293,,,
,17,,,,,,,,-111.7832,33.3549085,,,boundary node created by osm2gmns
,18,41508824,turning_circle,,,,,,-111.7944592,33.3639739,,,
,19,41508825,,,,,,,-111.7954387,33.3639503,,,
,20,41508829,,,,,,,-111.7962627,33.3639503,,,
,21,41508831,,,,,,,-111.7970695,33.3639503,,,
,22,41508834,,,,,,,-111.7977218,33.3637711,,,
,23,41508837,turning_circle,,,,,,-111.7979278,33.3639288,,,
,24,41511379,,,,,,,-111.8018063,33.3676369,,,
,25,41511381,,,,,,,-111.8020003,33.36825,,,
,26,,,,,,,,-111.8023304,33.3686,,,boundary node created by osm2gmns
,27,,,,,,,,-111.8055606,33.3686,,,boundary node created by osm2gmns
,28,41511394,,,,,,,-111.807138,33.3685448,,,
,29,41513325,turning_circle,,,,,,-111.8033856,33.3649488,,,
,30,41513327,,,,,,,-111.8032225,33.3656943,,,
,31,41513329,,,,,,,-111.8028586,33.3663576,,,
,32,41513332,,,,,,,-111.8024638,33.3670959,,,
,33,41513335,turning_circle,,,,,,-111.8024896,33.3679274,,,
,34,41528000,,,,,,,-111.8008911,33.3510511,,,
,35,41528001,turning_circle,,,,,,-111.7989957,33.3510615,,,
,36,41534221,turning_circle,,,,,,-111.8114547,33.3504681,,,
,37,41534222,turning_circle,,,,,,-111.8114536,33.3512873,,,
,38,41534225,turning_circle,,,,,,-111.8114622,33.3528144,,,
,39,41534227,,,,,,,-111.8114622,33.3520688,,,
,40,41534230,turning_circle,,,,,,-111.8114794,33.3550369,,,
,41,41534233,,,,,,,-111.8114633,33.3542916,,,
,42,41534235,turning_circle,,,,,,-111.8114794,33.3535529,,,
,43,41534792,,,,,,,-111.8070563,33.3581892,,,
,44,41534793,turning_circle,,,,,,-111.8035866,33.3582055,,,
,45,,,,,,,,-111.8069776,33.3444,,,boundary node created by osm2gmns
,46,338487456,,,,,,,-111.8069958,33.3466994,,,
,47,41541019,,,,,,,-111.8069998,33.3476964,,,
,48,41541025,,,,,,,-111.8070092,33.3488825,,,
,49,4347699790,,,,,,,-111.8070059,33.3489645,,,
,50,2802110684,,,,,,,-111.7957328,33.3499341,,,
,51,41557177,,,,,,,-111.7957394,33.3505569,,,
,52,41557183,turning_circle,,,,,,-111.7957529,33.3511484,,,
,53,41562248,turning_circle,,,,,,-111.7991189,33.3657302,,,
,54,41562251,turning_circle,,,,,,-111.7990951,33.3649969,,,
,55,41562259,,,,,,,-111.7996444,33.3657137,,,
,56,41562261,,,,,,,-111.7996518,33.3664478,,,
,57,41562268,turning_circle,,,,,,-111.7991078,33.366458,,,
,58,41562269,turning_circle,,,,,,-111.7991422,33.3671819,,,
,59,41562276,,,,,,,-111.8002595,33.3681639,,,
,60,41562277,,,,,,,-111.8002656,33.3676689,,,
,61,41562284,turning_circle,,,,,,-111.7991466,33.3681509,,,
,62,,,,,,,,-111.7991623,33.3686,,,boundary node created by osm2gmns
,63,41562297,,,,,,,-111.8000744,33.3643993,,,
,64,41562299,,,,,,,-111.8001439,33.3602818,,,
,65,41563343,turning_circle,,,,,,-111.7960972,33.349474,,,
,66,41563344,,,,,,,-111.7961578,33.3466692,,,
,67,41563345,,,,,,,-111.7961412,33.3463904,,,
,68,41567922,,,,,,,-111.807078,33.3597007,,,
,69,41567923,,,,,,,-111.808286,33.3596843,,,
,70,41568284,,,,,,,-111.7897831,33.3605443,,,
,71,3521315159,,,,,,,-111.7920158,33.3606092,,,
,72,41568314,turning_circle,,,,,,-111.7978849,33.3613767,,,
,73,41568319,turning_circle,,,,,,-111.7960138,33.3608964,,,
,74,41570001,turning_circle,,,,,,-111.7850927,33.3467891,,,
,75,,,,,,,,-111.7832,33.3468734,,,boundary node created by osm2gmns
,76,41570031,,,,,,,-111.7896359,33.3468026,,,
,77,41570033,turning_circle,,,,,,-111.7861463,33.346831,,,
,78,41577802,,,,,,,-111.7884163,33.3508421,,,
,79,41577803,turning_circle,,,,,,-111.7884208,33.3514268,,,
,80,41579576,,,,,,,-111.7863617,33.3605049,,,
,81,41579577,turning_circle,,,,,,-111.7863446,33.3600245,,,
,82,41581458,,,,,,,-111.7833098,33.3513544,,,
,83,,,,,,,,-111.7832,33.3513551,,,boundary node created by osm2gmns
,84,41581488,,,,,,,-111.7896117,33.3508552,,,
,85,41581491,turning_circle,,,,,,-111.786988,33.3506914,,,
,86,41582476,,,,,,,-111.7931112,33.3560302,,,
,87,3997707953,,,,,,,-111.793113,33.3569855,,,
,88,41582488,,,,,,,-111.8031107,33.3457901,,,
,89,41582495,turning_circle,,,,,,-111.8066226,33.3463899,,,
,90,41582499,turning_circle,,,,,,-111.8025883,33.3457921,,,
,91,41582501,turning_circle,,,,,,-111.8008829,33.3458104,,,
,92,41582504,,,,,,,-111.8108786,33.3470859,,,
,93,41582507,,,,,,,-111.8076825,33.3467066,,,
,94,41582511,,,,,,,-111.7972706,33.3459671,,,
,95,41582513,turning_circle,,,,,,-111.800038,33.3459172,,,
,96,,,,,,,,-111.7832,33.3577715,,,boundary node created by osm2gmns
,97,41586295,turning_circle,,,,,,-111.7840573,33.3577715,,,
,98,41594623,turning_circle,,,,,,-111.7987247,33.3483621,,,
,99,41594625,,,,,,,-111.7998844,33.3485587,,,
,100,41596668,,,,,,,-111.8044239,33.3445874,,,
,101,,,,,,,,-111.8045415,33.3444,,,boundary node created by osm2gmns
,102,41596683,turning_circle,,,,,,-111.8036702,33.3472312,,,
,103,41596686,,,,,,,-111.8040016,33.3466528,,,
,104,41596689,,,,,,,-111.8036841,33.3487919,,,
,105,41596691,,,,,,,-111.8039604,33.3480968,,,
,106,41603259,,,,,,,-111.7839422,33.3612125,,,
,107,41603261,,,,,,,-111.7840887,33.3618264,,,
,108,41603263,,,,,,,-111.7841264,33.3621667,,,
,109,41603264,,,,,,,-111.7841234,33.362428,,,
,110,41603268,,,,,,,-111.784177,33.362753,,,
,111,41603271,,,,,,,-111.7847936,33.3672326,,,
,112,41603272,,,,,,,-111.7847572,33.3655174,,,
,113,41605144,turning_circle,,,,,,-111.7850348,33.3515966,,,
,114,41605145,,,,,,,-111.7851105,33.3520395,,,
,115,41607510,,,,,,,-111.7966318,33.3621796,,,
,116,,,,,,,,-111.8117,33.362636,,,boundary node created by osm2gmns
,117,41608436,,,,,,,-111.8113935,33.362636,,,
,118,41613157,,,,,,,-111.7967206,33.3511329,,,
,119,41613159,,,,,,,-111.7977194,33.351119,,,
,120,41616014,turning_circle,,,,,,-111.7856688,33.3684733,,,
,121,41616016,turning_circle,,,,,,-111.7865022,33.3684712,,,
,122,41617345,,,,,,,-111.8095052,33.3583061,,,
,123,41617346,,,,,,,-111.8095224,33.3590588,,,
,124,41617348,,,,,,,-111.8105352,33.3565712,,,
,125,8955714948,,,,,,,-111.8103306,33.3501312,,,
,126,41385915,,,,,,,-111.8104718,33.3501325,,,
,127,41621986,turning_circle,,,,,,-111.8094642,33.3551122,,,
,128,41621991,,,,,,,-111.8085727,33.3550593,,,
,129,41621993,,,,,,,-111.8077557,33.3550618,,,
,130,41621994,,,,,,,-111.8070331,33.3550564,,,
,131,41623712,turning_circle,,,,,,-111.8092186,33.3625131,,,
,132,41623713,,,,,,,-111.810592,33.3620186,,,
,133,41623716,,,,,,,-111.8111619,33.3618188,,,
,134,41628879,turning_circle,,,,,,-111.8110053,33.3576103,,,
,135,41628881,turning_circle,,,,,,-111.8110073,33.3583132,,,
,136,41635590,,,,,,,-111.7854992,33.3624159,,,
,137,7987021042,,,,,,,-111.7864401,33.3624067,,,
,138,41635598,,,,,,,-111.7852162,33.3624176,,,
,139,41635616,,,,,,,-111.7834031,33.3621708,,,
,140,8520142489,,,,,,,-111.7917873,33.3468194,,,
,141,41652251,,,,,,,-111.7917971,33.3463535,,,
,142,41652253,,,,,,,-111.7918279,33.3445379,,,
,143,41656996,,,,,,,-111.7884048,33.3451978,,,
,144,41656997,,,,,,,-111.7884395,33.3459466,,,
,145,41657680,,,,,,,-111.8046119,33.3510291,,,
,146,41657681,turning_circle,,,,,,-111.8062755,33.3510195,,,
,147,41658237,turning_circle,,,,,,-111.7867266,33.357879,,,
,148,41658242,,,,,,,-111.7868767,33.3589564,,,
,149,41668179,,,,,,,-111.7952536,33.3499394,,,
,150,41668180,,,,,,,-111.7952829,33.3463761,,,
,151,41671542,,,,,,,-111.7850884,33.3476303,,,
,152,8520142493,,,,,,,-111.790756,33.3468853,,,
,153,41692043,,,,,,,-111.7907296,33.3463506,,,
,154,41692046,,,,,,,-111.7907823,33.3445501,,,
,155,41694078,,,,,,,-111.808909,33.3490469,,,
,156,41694080,turning_circle,,,,,,-111.8087897,33.3494133,,,
,157,41694713,,,,,,,-111.8078315,33.3583634,,,
,158,41709324,,,,,,,-111.786518,33.3452001,,,
,159,41709325,,,,,,,-111.7865285,33.3459365,,,
,160,41589369,,,,,,,-111.7869103,33.3499904,,,
,161,41709347,,,,,,,-111.7869273,33.3487382,,,
,162,41708928,,,,,,,-111.7943795,33.3499491,,,
,163,41724194,,,,,,,-111.7943903,33.3463904,,,
,164,338513030,,,,,,,-111.7939489,33.3445174,,,
,165,,,,,,,,-111.7940062,33.3444,,,boundary node created by osm2gmns
,166,41726887,,,,,,,-111.7863961,33.3590496,,,
,167,41726890,turning_circle,,,,,,-111.7856555,33.3577988,,,
,168,41736227,turning_circle,,,,,,-111.8108788,33.3485206,,,
,169,41736228,,,,,,,-111.8093972,33.3484257,,,
,170,41736233,turning_circle,,,,,,-111.8077974,33.3481406,,,
,171,41736240,,,,,,,-111.8052213,33.3477173,,,
,172,41736254,turning_circle,,,,,,-111.8009234,33.3471192,,,
,173,41736256,,,,,,,-111.8031158,33.3471134,,,
,174,41738479,,,,,,,-111.7948813,33.3505619,,,
,175,41738486,,,,,,,-111.7949166,33.351867,,,
,176,41738505,,,,,,,-111.7947263,33.3671689,,,
,177,41738507,turning_circle,,,,,,-111.794679,33.3676551,,,
,178,42335627,,,,,,,-111.7954416,33.3644357,,,
,179,41738526,,,,,,,-111.795104,33.3626814,,,
,180,9985688298,,,,,,,-111.7896584,33.3567277,,,
,181,9082902287,,,,,,,-111.7888044,33.3567153,,,
,182,41708947,,,,,,,-111.8097028,33.3498496,,,
,183,41746857,,,,,,,-111.8096963,33.3492308,,,
,184,41746864,,,,,,,-111.8096426,33.3477169,,,
,185,41746880,,,,,,,-111.8094979,33.3454509,,,
,186,41746881,turning_circle,,,,,,-111.8097371,33.3447295,,,
,187,41758105,turning_circle,,,,,,-111.785409,33.3567555,,,
,188,,,,,,,,-111.7832,33.3564608,,,boundary node created by osm2gmns
,189,41776909,turning_circle,,,,,,-111.8108861,33.3492451,,,
,190,41776937,turning_circle,,,,,,-111.8108925,33.3477821,,,
,191,41776942,,,,,,,-111.8108582,33.3463624,,,
,192,41776945,turning_circle,,,,,,-111.8108595,33.3456509,,,
,193,41782621,,,,,,,-111.7872957,33.3605108,,,
,194,41782624,,,,,,,-111.7875506,33.3597707,,,
,195,41782630,,,,,,,-111.7878776,33.3593047,,,
,196,41782641,,,,,,,-111.7881958,33.3522769,,,
,197,41782642,,,,,,,-111.7882044,33.3526999,,,
,198,41782647,,,,,,,-111.788221,33.3536049,,,
,199,41782649,,,,,,,-111.7882378,33.3548846,,,
,200,41785697,traffic_signals,,signal,,,,-111.811416,33.3643302,,,
,201,5203828157,,,,,,,-111.7983081,33.3504974,,,
,202,41790420,,,,,,,-111.7983192,33.3514232,,,
,203,41790424,,,,,,,-111.7983373,33.352966,,,
,204,5203828159,,,,,,,-111.7983401,33.3537086,,,
,205,,,,,,,,-111.7985328,33.3686,,,boundary node created by osm2gmns
,206,41790466,,,,,,,-111.7985317,33.3676999,,,
,207,41790468,,,,,,,-111.7984857,33.3655919,,,
,208,5204330352,,,,,,,-111.7984668,33.3648348,,,
,209,41802977,turning_circle,,,,,,-111.7986116,33.3492304,,,
,210,41802981,,,,,,,-111.799773,33.3492878,,,
,211,41806777,,,,,,,-111.8094999,33.3558575,,,
,212,41806778,,,,,,,-111.8077588,33.3557988,,,
,213,,,,,,,,-111.8117,33.3542916,,,boundary node created by osm2gmns
,214,41612700,,,,,,,-111.7896205,33.3477874,,,
,215,41807929,,,,,,,-111.7868893,33.3478055,,,
,216,3240489319,,,,,,,-111.7857484,33.3477298,,,
,217,3240489317,,,,,,,-111.7845892,33.3476285,,,
,218,41807940,,,,,,,-111.7833252,33.3478485,,,
,219,,,,,,,,-111.7832,33.347956,,,boundary node created by osm2gmns
,220,41809077,,,,,,,-111.7834775,33.3633818,,,
,221,,,,,,,,-111.7832,33.3633839,,,boundary node created by osm2gmns
,222,41809753,turning_circle,,,,,,-111.8078315,33.3601557,,,
,223,41809755,,,,,,,-111.80784,33.3609181,,,
,224,41809759,turning_circle,,,,,,-111.8078144,33.3576035,,,
,225,41809762,turning_circle,,,,,,-111.8078315,33.3591018,,,
,226,41817100,turning_circle,,,,,,-111.8019522,33.3656871,,,
,227,41817109,,,,,,,-111.7931973,33.3656378,,,
,228,41817111,,,,,,,-111.7937555,33.365636,,,
,229,41817134,,,,,,,-111.7975918,33.3662901,,,
,230,41817141,,,,,,,-111.8021163,33.3653123,,,
,231,41817143,,,,,,,-111.8026732,33.3655151,,,
,232,41817148,,,,,,,-111.8046988,33.3656943,,,
,233,41817150,turning_circle,,,,,,-111.8065184,33.365809,,,
,234,41694723,,,,,,,-111.793092,33.3588241,,,
,235,41694730,,,,,,,-111.7923988,33.3587345,,,
,236,41824124,,,,,,,-111.784893,33.350748,,,
,237,41824125,,,,,,,-111.7841365,33.3507475,,,
,238,41824126,,,,,,,-111.7832976,33.35064,,,
,239,,,,,,,,-111.7832,33.3506408,,,boundary node created by osm2gmns
,240,41825073,,,,,,,-111.7845679,33.3584976,,,
,241,41790474,,,,,,,-111.7984652,33.3620648,,,
,242,41835633,,,,,,,-111.7978849,33.3620578,,,
,243,41835638,,,,,,,-111.7958926,33.3624183,,,
,244,41835643,turning_circle,,,,,,-111.7944345,33.3628391,,,
,245,41835657,turning_circle,,,,,,-111.8088701,33.3617901,,,
,246,41835659,,,,,,,-111.8094281,33.3615895,,,
,247,41835663,,,,,,,-111.810252,33.3613099,,,
,248,41837025,,,,,,,-111.7867654,33.3536322,,,
,249,41851986,,,,,,,-111.8046056,33.3502806,,,
,250,41851987,turning_circle,,,,,,-111.8062651,33.350275,,,
,251,41858697,turning_circle,,,,,,-111.8032223,33.349287,,,
,252,41858698,,,,,,,-111.8032339,33.3486714,,,
,253,41708940,,,,,,,-111.8026517,33.3498845,,,
,254,41859521,,,,,,,-111.8026449,33.3491825,,,
,255,41859531,,,,,,,-111.8027517,33.3485485,,,
,256,41859540,,,,,,,-111.8029516,33.3478831,,,
,257,41859550,,,,,,,-111.8031167,33.3464417,,,
,258,41859559,,,,,,,-111.8033081,33.345236,,,
,259,41859562,,,,,,,-111.8035168,33.3449292,,,
,260,41859567,,,,,,,-111.8036799,33.3446376,,,
,261,,,,,,,,-111.8038249,33.3444,,,boundary node created by osm2gmns
,262,41887932,turning_circle,,,,,,-111.787173,33.3596067,,,
,263,,,,,,,,-111.7832,33.3627791,,,boundary node created by osm2gmns
,264,41889781,,,,,,,-111.7834693,33.3627774,,,
,265,41889804,,,,,,,-111.78641,33.3630306,,,
,266,,,,,,,,-111.7832,33.3446154,,,boundary node created by osm2gmns
,267,41890917,,,,,,,-111.7854339,33.3447947,,,
,268,41895377,traffic_signals,,signal,,,,-111.789771,33.3596294,,,
,269,41895397,,,,,,,-111.7848984,33.3602878,,,
,270,,,,,,,,-111.7832,33.3608832,,,boundary node created by osm2gmns
,271,41896762,turning_circle,,,,,,-111.8076685,33.3460033,,,
,272,41896767,turning_circle,,,,,,-111.807691,33.3474164,,,
,273,41896773,turning_circle,,,,,,-111.8077214,33.3452497,,,
,274,,,,,,,,-111.80772,33.3444,,,boundary node created by osm2gmns
,275,41906248,,,,,,,-111.8077924,33.3488736,,,
,276,41906273,turning_circle,,,,,,-111.8051363,33.348355,,,
,277,41906282,turning_circle,,,,,,-111.8034002,33.3479563,,,
,278,41906303,turning_circle,,,,,,-111.8009399,33.3477905,,,
,279,,,,,,,,-111.8039891,33.3444,,,boundary node created by osm2gmns
,280,41906371,,,,,,,-111.8051961,33.34494,,,
,281,41906380,turning_circle,,,,,,-111.8066115,33.3450736,,,
,282,41612706,,,,,,,-111.789674,33.3445569,,,
,283,6646575506,,,,,,,-111.793714,33.3445153,,,
,284,41906509,,,,,,,-111.8008464,33.3444679,,,
,285,41908310,,,,,,,-111.804618,33.351787,,,
,286,41908312,turning_circle,,,,,,-111.8062883,33.351779,,,
,287,41920942,turning_circle,,,,,,-111.8022097,33.3649631,,,
,288,41920951,turning_circle,,,,,,-111.8012536,33.3671604,,,
,289,41920954,,,,,,,-111.801361,33.3667675,,,
,290,41920961,turning_circle,,,,,,-111.8014939,33.3664436,,,
,291,41920967,,,,,,,-111.801709,33.3643865,,,
,292,41920972,turning_circle,,,,,,-111.7994642,33.3598354,,,
,293,41920981,turning_circle,,,,,,-111.8012999,33.3681244,,,
,294,41920983,,,,,,,-111.8014984,33.3684663,,,
,295,,,,,,,,-111.8015775,33.3686,,,boundary node created by osm2gmns
,296,41930200,,,,,,,-111.8082865,33.3601557,,,
,297,41937380,,,,,,,-111.7923785,33.3579312,,,
,298,41943932,turning_circle,,,,,,-111.8093119,33.3535911,,,
,299,41943936,,,,,,,-111.8077405,33.353662,,,
,300,,,,,,,,-111.8117,33.3528129,,,boundary node created by osm2gmns
,301,41968963,,,,,,,-111.7832301,33.3459984,,,
,302,41968966,turning_circle,,,,,,-111.783299,33.3454417,,,
,303,41994675,turning_circle,,,,,,-111.8077211,33.3521805,,,
,304,41994678,,,,,,,-111.8077281,33.3525084,,,
,305,41994682,,,,,,,-111.8077373,33.3529208,,,
,306,41994713,turning_circle,,,,,,-111.8077715,33.356521,,,
,307,41568306,turning_circle,,,,,,-111.7936666,33.3609364,,,
,308,42012238,,,,,,,-111.7937138,33.3601113,,,
,309,41708936,,,,,,,-111.7997764,33.3498984,,,
,310,42013223,,,,,,,-111.8001743,33.3474583,,,
,311,42013229,turning_circle,,,,,,-111.8001747,33.3466789,,,
,312,42013305,,,,,,,-111.800038,33.3452613,,,
,313,42013311,,,,,,,-111.800038,33.3444617,,,
,314,,,,,,,,-111.8000365,33.3444,,,boundary node created by osm2gmns
,315,41612704,,,,,,,-111.7896532,33.3457198,,,
,316,,,,,,,,-111.7832,33.3459988,,,boundary node created by osm2gmns
,317,42018973,,,,,,,-111.7843318,33.3459964,,,
,318,42018976,turning_circle,,,,,,-111.7851092,33.3459946,,,
,319,42037196,,,,,,,-111.8008958,33.3518059,,,
,320,42037200,turning_circle,,,,,,-111.7990057,33.3518221,,,
,321,,,,,,,,-111.7832,33.347729,,,boundary node created by osm2gmns
,322,,,,,,,,-111.8117,33.3557793,,,boundary node created by osm2gmns
,323,42193007,turning_circle,,,,,,-111.8115481,33.3558472,,,
,324,42195513,,,,,,,-111.8009007,33.3525874,,,
,325,42195517,,,,,,,-111.8008989,33.3522979,,,
,326,42195526,,,,,,,-111.8008863,33.3502914,,,
,327,41708938,,,,,,,-111.8008872,33.349893,,,
,328,42219036,turning_circle,,,,,,-111.8094915,33.3565979,,,
,329,,,,,,,,-111.8117,33.3550369,,,boundary node created by osm2gmns
,330,42246881,,,,,,,-111.8009415,33.3484658,,,
,331,42246889,turning_circle,,,,,,-111.8042852,33.3489679,,,
,332,41501479,,,,,,,-111.7861664,33.3644917,,,
,333,42253897,,,,,,,-111.7864741,33.3618026,,,
,334,42253919,,,,,,,-111.7864262,33.3612197,,,
,335,,,,,,,,-111.7856714,33.3686,,,boundary node created by osm2gmns
,336,42254042,,,,,,,-111.7867485,33.3519561,,,
,337,42254046,,,,,,,-111.7867437,33.3520319,,,
,338,42254051,,,,,,,-111.786748,33.3527192,,,
,339,42254055,,,,,,,-111.7867534,33.3527891,,,
,340,3178275470,,,,,,,-111.7867641,33.3535666,,,
,341,42254062,,,,,,,-111.7867924,33.3548965,,,
,342,41758204,,,,,,,-111.7868166,33.3560769,,,
,343,42264497,,,,,,,-111.7833333,33.3520731,,,
,344,42264501,,,,,,,-111.7833459,33.3527891,,,
,345,42265328,turning_circle,,,,,,-111.8061676,33.3672979,,,
,346,42265330,turning_circle,,,,,,-111.8061761,33.3680291,,,
,347,42265339,turning_circle,,,,,,-111.8065314,33.3665577,,,
,348,,,,,,,,-111.7865052,33.3686,,,boundary node created by osm2gmns
,349,42291080,turning_circle,,,,,,-111.797655,33.3505867,,,
,350,42291089,,,,,,,-111.7977273,33.3514322,,,
,351,42291093,turning_circle,,,,,,-111.7977294,33.3518384,,,
,352,42292081,,,,,,,-111.7832332,33.3612833,,,
,353,42292085,,,,,,,-111.7832376,33.3617243,,,
,354,,,,,,,,-111.7832,33.3520734,,,boundary node created by osm2gmns
,355,42324821,,,,,,,-111.7841651,33.3520454,,,
,356,42354104,turning_circle,,,,,,-111.8093456,33.3542978,,,
,357,42354108,turning_circle,,,,,,-111.8093138,33.3528394,,,
,358,42354110,turning_circle,,,,,,-111.8093106,33.352116,,,
,359,42390535,,,,,,,-111.807142,33.3679133,,,
,360,,,,,,,,-111.8117,33.3678902,,,boundary node created by osm2gmns
,361,42390545,,,,,,,-111.8048372,33.3680362,,,
,362,2262931648,,,,,,,-111.7931738,33.3644536,,,
,363,42470137,,,,,,,-111.7932071,33.366323,,,
,364,42390561,turning_circle,,,,,,-111.7932296,33.3670622,,,
,365,42399666,turning_circle,,,,,,-111.7843095,33.3454042,,,
,366,42401610,turning_circle,,,,,,-111.8078272,33.3492834,,,
,367,42390612,,,,,,,-111.7976188,33.3676922,,,
,368,42404310,,,,,,,-111.7975931,33.3669825,,,
,369,3521294453,,,,,,,-111.797593,33.3669355,,,
,370,42404312,,,,,,,-111.7975931,33.365599,,,
,371,42419929,,,,,,,-111.7965813,33.3603982,,,
,372,42390563,,,,,,,-111.7937018,33.3670573,,,
,373,42420401,turning_circle,,,,,,-111.7937221,33.3676492,,,
,374,42428421,,,,,,,-111.8082779,33.3591018,,,
,375,42429471,turning_circle,,,,,,-111.8036699,33.3685739,,,
,376,,,,,,,,-111.8037504,33.3686,,,boundary node created by osm2gmns
,377,,,,,,,,-111.8041067,33.3686,,,boundary node created by osm2gmns
,378,42429472,,,,,,,-111.8047675,33.3684111,,,
,379,42432383,turning_circle,,,,,,-111.7987079,33.3474745,,,
,380,,,,,,,,-111.7832,33.3640151,,,boundary node created by osm2gmns
,381,9987213121,,,,,,,-111.7834625,33.3640136,,,
,382,9985523631,,,,,,,-111.7835931,33.3640128,,,
,383,42435773,,,,,,,-111.7842287,33.3640092,,,
,384,42444824,turning_circle,,,,,,-111.8086649,33.3543296,,,
,385,,,,,,,,-111.8117,33.3535515,,,boundary node created by osm2gmns
,386,42457991,,,,,,,-111.8046241,33.3525298,,,
,387,42457998,,,,,,,-111.8046221,33.3522799,,,
,388,41708941,,,,,,,-111.8046068,33.349875,,,
,389,,,,,,,,-111.7832,33.3655282,,,boundary node created by osm2gmns
,390,42465091,turning_circle,,,,,,-111.8009134,33.3464478,,,
,391,42572772,turning_circle,,,,,,-111.8008771,33.3451448,,,
,392,,,,,,,,-111.8008462,33.3444,,,boundary node created by osm2gmns
,393,42465140,turning_circle,,,,,,-111.8010184,33.3493006,,,
,394,42335640,,,,,,,-111.8027769,33.3643795,,,
,395,42466173,,,,,,,-111.8019104,33.3669323,,,
,396,41708921,,,,,,,-111.7913005,33.3499866,,,
,397,42468034,,,,,,,-111.7913062,33.3505803,,,
,398,42468035,,,,,,,-111.7913329,33.3515399,,,
,399,338515294,,,,,,,-111.7913326,33.3525071,,,
,400,42468038,,,,,,,-111.7914694,33.353448,,,
,401,42470087,,,,,,,-111.807118,33.3667112,,,
,402,42470088,,,,,,,-111.8106397,33.3666964,,,
,403,,,,,,,,-111.7832,33.3672445,,,boundary node created by osm2gmns
,404,42492417,,,,,,,-111.7966788,33.3655547,,,
,405,42492419,turning_circle,,,,,,-111.7968549,33.364961,,,
,406,42500274,turning_circle,,,,,,-111.806641,33.3470659,,,
,407,42500280,turning_circle,,,,,,-111.8066072,33.345727,,,
,408,,,,,,,,-111.7938477,33.3686,,,boundary node created by osm2gmns
,409,42502720,,,,,,,-111.7929452,33.3684579,,,
,410,42502725,,,,,,,-111.7920611,33.3684579,,,
,411,,,,,,,,-111.791169,33.3686,,,boundary node created by osm2gmns
,412,42515000,turning_circle,,,,,,-111.799014,33.3525949,,,
,413,42515008,turning_circle,,,,,,-111.806265,33.3525275,,,
,414,42515294,turning_circle,,,,,,-111.8016543,33.3491861,,,
,415,42515302,,,,,,,-111.7974214,33.3494592,,,
,416,,,,,,,,-111.7855853,33.3444,,,boundary node created by osm2gmns
,417,338513566,turning_circle,,,,,,-111.7976675,33.3451516,,,
,418,,,,,,,,-111.797668,33.3444,,,boundary node created by osm2gmns
,419,994273882,,,,,,,-111.7974264,33.3487667,,,
,420,994273904,,,,,,,-111.7974314,33.3480555,,,
,421,42523143,,,,,,,-111.7974301,33.3473572,,,
,422,42523146,,,,,,,-111.797429,33.3466498,,,
,423,,,,,,,,-111.7832,33.3612837,,,boundary node created by osm2gmns
,424,,,,,,,,-111.8048316,33.3686,,,boundary node created by osm2gmns
,425,42524533,turning_circle,,,,,,-111.8046988,33.3649488,,,
,426,42524937,,,,,,,-111.8025739,33.3451233,,,
,427,42537685,turning_circle,,,,,,-111.7989906,33.3503128,,,
,428,,,,,,,,-111.8117,33.3512854,,,boundary node created by osm2gmns
,429,42539613,traffic_signals,,signal,,,,-111.789622,33.3515626,,,
,430,42539617,,,,,,,-111.7924514,33.3515265,,,
,431,42539620,,,,,,,-111.793012,33.3515287,,,
,432,3521328418,,,,,,,-111.794972,33.3518664,,,
,433,42539658,,,,,,,-111.8070212,33.3525052,,,
,434,41589373,,,,,,,-111.7841236,33.3500303,,,
,435,42545271,,,,,,,-111.7841907,33.3527889,,,
,436,41837028,,,,,,,-111.7842049,33.3535685,,,
,437,42553465,,,,,,,-111.7930636,33.3579249,,,
,438,,,,,,,,-111.7832,33.3594655,,,boundary node created by osm2gmns
,439,42559526,,,,,,,-111.7839842,33.3590209,,,
,440,42572801,turning_circle,,,,,,-111.7993433,33.3452009,,,
,441,42582666,turning_circle,,,,,,-111.7833834,33.3585549,,,
,442,,,,,,,,-111.7832,33.3540538,,,boundary node created by osm2gmns
,443,42590630,turning_circle,,,,,,-111.7832632,33.3540763,,,
,444,42595146,turning_circle,,,,,,-111.8079002,33.3614389,,,
,445,42597097,turning_circle,,,,,,-111.7966572,33.3505643,,,
,446,,,,,,,,-111.7832,33.352791,,,boundary node created by osm2gmns
,447,,,,,,,,-111.8082491,33.3444,,,boundary node created by osm2gmns
,448,42611729,,,,,,,-111.7897978,33.3614499,,,
,449,41612702,,,,,,,-111.7896429,33.3463651,,,
,450,42573908,,,,,,,-111.8070727,33.3609201,,,
,451,41226121,,,,,,,-111.7964859,33.3603229,,,
,452,42646369,,,,,,,-111.7929489,33.3599078,,,
,453,3997707955,,,,,,,-111.7916324,33.3596253,,,
,454,,,,,,,,-111.8117,33.3591172,,,boundary node created by osm2gmns
,455,42661555,,,,,,,-111.7930173,33.3524876,,,
,456,42661557,,,,,,,-111.793071,33.3534176,,,
,457,41708925,,,,,,,-111.7929716,33.3499648,,,
,458,42661566,,,,,,,-111.792992,33.3505681,,,
,459,42661608,,,,,,,-111.7924702,33.3524854,,,
,460,42662678,,,,,,,-111.7979234,33.3656049,,,
,461,417714082,turning_circle,,,,,,-111.7978547,33.3649383,,,
,462,42666730,,,,,,,-111.794508,33.3530664,,,
,463,42674911,,,,,,,-111.7944938,33.3505676,,,
,464,42674935,,,,,,,-111.7896081,33.3505945,,,
,465,,,,,,,,-111.8117,33.3504667,,,boundary node created by osm2gmns
,466,414322555,,,,,,,-111.7896343,33.3525291,,,
,467,,,,,,,,-111.8117,33.3520688,,,boundary node created by osm2gmns
,468,42679814,,,,,,,-111.7873442,33.3451768,,,
,469,,,,,,,,-111.7873342,33.3444,,,boundary node created by osm2gmns
,470,42689676,,,,,,,-111.7957134,33.3652191,,,
,471,42012216,turning_circle,,,,,,-111.7937211,33.3649407,,,
,472,42694243,,,,,,,-111.7852479,33.3618044,,,
,473,42694256,,,,,,,-111.7850133,33.3618044,,,
,474,,,,,,,,-111.8054417,33.3444,,,boundary node created by osm2gmns
,475,,,,,,,,-111.7929497,33.3686,,,boundary node created by osm2gmns
,476,,,,,,,,-111.7920656,33.3686,,,boundary node created by osm2gmns
,477,,,,,,,,-111.7966141,33.3686,,,boundary node created by osm2gmns
,478,338511613,,,,,,,-111.7966187,33.3684364,,,
,479,,,,,,,,-111.7957219,33.3686,,,boundary node created by osm2gmns
,480,338511612,,,,,,,-111.7957261,33.3684507,,,
,481,3521294455,,,,,,,-111.7957439,33.3675203,,,
,482,,,,,,,,-111.7948496,33.3686,,,boundary node created by osm2gmns
,483,,,,,,,,-111.7975292,33.3686,,,boundary node created by osm2gmns
,484,,,,,,,,-111.8117,33.3685154,,,boundary node created by osm2gmns
,485,994273689,turning_circle,,,,,,-111.7997564,33.3444616,,,
,486,994273896,turning_circle,,,,,,-111.7969991,33.3487636,,,
,487,994273917,turning_circle,,,,,,-111.7969991,33.3480556,,,
,488,994273967,turning_circle,,,,,,-111.7970202,33.3473643,,,
,489,2064159378,,,,,,,-111.7983885,33.357104,,,
,490,2064159382,,,,,,,-111.7983897,33.3571884,,,
,491,41790430,,,,,,,-111.7984009,33.3579562,,,
,492,4347547490,,,,,,,-111.7901094,33.3499936,,,
,493,6503135898,,,,,,,-111.791518,33.3499854,,,
,494,4347699799,,,,,,,-111.7987734,33.3499032,,,
,495,4347699797,,,,,,,-111.806155,33.3498658,,,
,496,3178271506,,,,,,,-111.7896078,33.3487797,,,
,497,,,,,,,,-111.7896774,33.3444,,,boundary node created by osm2gmns
,498,4347547493,,,,,,,-111.7896659,33.3504058,,,
,499,3178271508,traffic_signals,,signal,,,,-111.789525,33.3500022,,,
,500,4347547489,,,,,,,-111.7895322,33.349346,,,
,501,4347547491,,,,,,,-111.7890374,33.3500022,,,
,502,6058951139,,,,,,,-111.7889673,33.3500019,,,
,503,3178271502,traffic_signals,,signal,,,,-111.7896642,33.3499974,,,
,504,,,,,,,,-111.7832,33.3535711,,,boundary node created by osm2gmns
,505,3240489321,turning_circle,,,,,,-111.7845963,33.34798,,,
,506,3240489323,turning_circle,,,,,,-111.7868862,33.348281,,,
,507,3240489322,turning_circle,,,,,,-111.7856628,33.3480098,,,
,508,3520955956,turning_circle,,,,,,-111.7848732,33.3673061,,,
,509,3521294451,turning_circle,,,,,,-111.7958338,33.3649822,,,
,510,3521294452,turning_circle,,,,,,-111.797926,33.3669445,,,
,511,3521294454,turning_circle,,,,,,-111.795689,33.3676793,,,
,512,3521315169,turning_circle,,,,,,-111.7848264,33.3654433,,,
,513,3521328417,turning_circle,,,,,,-111.7949888,33.3521147,,,
,514,3575083794,,,,,,,-111.8106621,33.3628833,,,
,515,3575083803,,,,,,,-111.8107038,33.3635947,,,
,516,3575083804,,,,,,,-111.8093418,33.3636095,,,
,517,3575083798,,,,,,,-111.8093682,33.3632819,,,
,518,3575083805,,,,,,,-111.810633,33.3636174,,,
,519,3575083806,,,,,,,-111.81042,33.3636258,,,
,520,3575083808,,,,,,,-111.8103108,33.3636274,,,
,521,7384108063,,,,,,,-111.8100347,33.3636322,,,
,522,7384108065,,,,,,,-111.8095958,33.36364,,,
,523,3575083816,,,,,,,-111.8102178,33.3643338,,,
,524,3575083815,,,,,,,-111.8106097,33.3643328,,,
,525,3688113776,turning_circle,,,,,,-111.784196,33.3557298,,,
,526,4347791306,,,,,,,-111.7898242,33.3663956,,,
,527,,,,,,,,-111.7898775,33.3686,,,boundary node created by osm2gmns
,528,3877625431,,,,,,,-111.8086291,33.349855,,,
,529,4347699798,,,,,,,-111.8092306,33.349901,,,
,530,3877642809,traffic_signals,,signal,,,,-111.789949,33.364397,,,
,531,4355964573,,,,,,,-111.7899393,33.3640614,,,
,532,4347791289,,,,,,,-111.7909718,33.36439,,,
,533,4347791073,,,,,,,-111.7897651,33.3592916,,,
,534,5147427316,,,,,,,-111.7897408,33.3580579,,,
,535,2262931650,,,,,,,-111.786878,33.3644887,,,
,536,4347791300,,,,,,,-111.7874353,33.3645626,,,
,537,4347772969,,,,,,,-111.7990208,33.3644075,,,
,538,4347772968,,,,,,,-111.8051734,33.3643854,,,
,539,3877642811,traffic_signals,,signal,,,,-111.789757,33.3644013,,,
,540,4347791290,,,,,,,-111.7872006,33.3644214,,,
,541,3997707952,crossing,,,,,,-111.7917289,33.3571223,,,
,542,41589368,,,,,,,-111.7895902,33.3499986,,,
,543,5147427315,,,,,,,-111.7896591,33.3539218,,,
,544,4347547496,,,,,,,-111.7896882,33.355743,,,
,545,4347547495,,,,,,,-111.7896785,33.3551532,,,
,546,41806770,traffic_signals,,signal,,,,-111.789673,33.3548685,,,
,547,41758198,traffic_signals,,signal,,,,-111.789692,33.3560377,,,
,548,4347547494,,,,,,,-111.7896739,33.3546015,,,
,549,4347699796,,,,,,,-111.8077494,33.3498577,,,
,550,4347699795,,,,,,,-111.8079432,33.349857,,,
,551,378370656,,,,,,,-111.8082007,33.349856,,,
,552,4347699800,,,,,,,-111.7977079,33.3499121,,,
,553,41500425,traffic_signals,,signal,,,,-111.798296,33.3499056,,,
,554,41541028,traffic_signals,,signal,,,,-111.806994,33.3498608,,,
,555,5100065697,,,,,,,-111.8103289,33.3498415,,,
,556,5100065696,,,,,,,-111.8104738,33.3498403,,,
,557,,,,,,,,-111.8117,33.3498336,,,boundary node created by osm2gmns
,558,4347699801,,,,,,,-111.8069978,33.3504466,,,
,559,4347699791,,,,,,,-111.8070023,33.3492009,,,
,560,4347699792,,,,,,,-111.8070003,33.3493298,,,
,561,,,,,,,,-111.8071388,33.3686,,,boundary node created by osm2gmns
,562,4347772955,,,,,,,-111.8070843,33.3600389,,,
,563,3637525051,,,,,,,-111.8070953,33.3621085,,,
,564,6908612807,,,,,,,-111.8070934,33.3624364,,,
,565,6908612818,traffic_signals,,signal,,,,-111.8070086,33.3643016,,,
,566,6908612816,traffic_signals,,signal,,,,-111.8070114,33.3644395,,,
,567,4347772957,,,,,,,-111.8070105,33.3638291,,,
,568,378385479,traffic_signals,,signal,,,,-111.8070525,33.3569998,,,
,569,4347772971,,,,,,,-111.8070259,33.3652858,,,
,570,6908600467,,,,,,,-111.8071143,33.365861,,,
,571,6908612809,,,,,,,-111.8070058,33.3629552,,,
,572,4347772970,,,,,,,-111.7979432,33.3644157,,,
,573,41790471,traffic_signals,,signal,,,,-111.7984856,33.3644116,,,
,574,5088142541,,,,,,,-111.8055704,33.3643871,,,
,575,4347772965,,,,,,,-111.8064181,33.3644423,,,
,576,4347772964,,,,,,,-111.8066101,33.3644414,,,
,577,4347772966,,,,,,,-111.80604,33.3644441,,,
,578,4347772962,,,,,,,-111.8100421,33.3643346,,,
,579,4347772961,,,,,,,-111.8103765,33.3643324,,,
,580,41645413,,,,,,,-111.808218,33.3642976,,,
,581,6908612817,traffic_signals,,signal,,,,-111.8071716,33.3642998,,,
,582,5735590077,,,,,,,-111.810775,33.3643291,,,
,583,4347772960,,,,,,,-111.8109572,33.3643297,,,
,584,5038261139,,,,,,,-111.7933657,33.3644521,,,
,585,,,,,,,,-111.8117,33.364326,,,boundary node created by osm2gmns
,586,6908600462,,,,,,,-111.8092906,33.3643486,,,
,587,4347791301,,,,,,,-111.7875171,33.3645626,,,
,588,3877643684,,,,,,,-111.7878373,33.3645625,,,
,589,9985688248,,,,,,,-111.7898434,33.3643998,,,
,590,4347791299,,,,,,,-111.788539,33.3645625,,,
,591,4347791298,,,,,,,-111.7888554,33.3645624,,,
,592,3877643688,traffic_signals,,signal,,,,-111.78976,33.3645623,,,
,593,3877643682,,,,,,,-111.7898568,33.3645608,,,
,594,,,,,,,,-111.7832,33.3645152,,,boundary node created by osm2gmns
,595,41501473,,,,,,,-111.7835329,33.364513,,,
,596,4347791307,,,,,,,-111.7899888,33.3666802,,,
,597,3877643267,,,,,,,-111.7899772,33.3663432,,,
,598,4347791085,,,,,,,-111.789745,33.3636274,,,
,599,4347791303,,,,,,,-111.7899648,33.3654392,,,
,600,4347791302,,,,,,,-111.7899644,33.3654034,,,
,601,4347791079,,,,,,,-111.7898963,33.3626686,,,
,602,4347791077,,,,,,,-111.7898885,33.3623911,,,
,603,4347791076,,,,,,,-111.7897207,33.3620929,,,
,604,4347791078,,,,,,,-111.7897254,33.3623922,,,
,605,4347791081,,,,,,,-111.7897343,33.3627414,,,
,606,4347791080,,,,,,,-111.7897325,33.3626922,,,
,607,4347791075,,,,,,,-111.7898716,33.3617889,,,
,608,4347791304,,,,,,,-111.7898062,33.3659485,,,
,609,3877643683,traffic_signals,,signal,,,,-111.789953,33.3645581,,,
,610,,,,,,,,-111.7900354,33.3686,,,boundary node created by osm2gmns
,611,9471404176,,,,,,,-111.7900095,33.3677304,,,
,612,4347791074,,,,,,,-111.7897747,33.3599648,,,
,613,5036535188,,,,,,,-111.7897842,33.3653859,,,
,614,4347791294,,,,,,,-111.792036,33.364533,,,
,615,4347791291,,,,,,,-111.7927468,33.364517,,,
,616,4347791088,,,,,,,-111.7920341,33.3643828,,,
,617,4347791087,,,,,,,-111.7924698,33.3643798,,,
,618,5036595194,,,,,,,-111.7930261,33.3644084,,,
,619,4347791295,,,,,,,-111.7915975,33.3645378,,,
,620,4347791084,,,,,,,-111.7899096,33.3631067,,,
,621,4355964572,,,,,,,-111.78993,33.3637601,,,
,622,5129838100,,,,,,,-111.7897274,33.3573685,,,
,623,5174299330,traffic_signals,,signal,,,,-111.7897229,33.3572068,,,
,624,2367666587,crossing,,,,,,-111.7897216,33.3571317,,,
,625,3351224396,,,,,,,-111.785652,33.350013,,,
,626,415739282,,,,,,,-111.7848111,33.3500284,,,
,627,,,,,,,,-111.7832,33.3500361,,,boundary node created by osm2gmns
,628,5203828158,,,,,,,-111.7983061,33.350335,,,
,629,5204330351,,,,,,,-111.7984816,33.3639949,,,
,630,41790475,,,,,,,-111.7984478,33.3606813,,,
,631,7564704731,,,,,,,-111.7984361,33.360167,,,
,632,5674773495,,,,,,,-111.7881861,33.3560512,,,
,633,5674773506,,,,,,,-111.7881675,33.3564616,,,
,634,6503135897,,,,,,,-111.7921902,33.3499807,,,
,635,6908600466,,,,,,,-111.8086629,33.364424,,,
,636,6908612814,traffic_signals,,signal,,,,-111.807172,33.3644412,,,
,637,6908612796,,,,,,,-111.8071742,33.3651761,,,
,638,6908612804,,,,,,,-111.8062526,33.3643097,,,
,639,6908612808,,,,,,,-111.8070082,33.3631948,,,
,640,6908612813,,,,,,,-111.8071701,33.3637907,,,
,641,10199154111,,,,,,,-111.8070177,33.3648514,,,
,642,6908612795,,,,,,,-111.8070238,33.3651711,,,
,643,7384108062,,,,,,,-111.8107384,33.3640501,,,
,644,7384108064,,,,,,,-111.8100535,33.3640544,,,
,645,7384108066,,,,,,,-111.809605,33.3640794,,,
,646,7384108067,,,,,,,-111.8105305,33.362569,,,
,647,41790478,,,,,,,-111.7984061,33.3583364,,,
,648,3178271988,,,,,,,-111.7887212,33.3500022,,,
,649,8915931229,,,,,,,-111.7886609,33.3500017,,,
,650,414330894,,,,,,,-111.7882507,33.35605,,,
,651,3877643261,,,,,,,-111.790003,33.3674907,,,
,652,9534025170,,,,,,,-111.7859101,33.3562156,,,
,653,9534025178,,,,,,,-111.7862763,33.3562178,,,
,654,9534025172,,,,,,,-111.7866316,33.3564194,,,
,655,9534025171,,,,,,,-111.7862758,33.356425,,,
,656,9534025179,,,,,,,-111.7862749,33.3568889,,,
,657,9534025177,,,,,,,-111.7863406,33.3561271,,,
,658,9534025181,,,,,,,-111.7866585,33.3568866,,,
,659,9534025180,,,,,,,-111.7859155,33.356891,,,
,660,42219110,,,,,,,-111.7925575,33.3560132,,,
,661,42219115,turning_circle,,,,,,-111.7944164,33.3560301,,,
,662,41809075,,,,,,,-111.7842201,33.3633755,,,
,663,41740969,,,,,,,-111.7887431,33.3567172,,,
